Услуга,URL
Литье цветных металлов,https://lmzstart.ru/uslugi/lite-metallov.html
Литье пластмасс под давлением,https://lmzstart.ru/uslugi/lite-plastmass.html
Фрезерная обработка,https://lmzstart.ru/uslugi/frezernaya-obrabotka.html
Токарная обработка,https://lmzstart.ru/uslugi/tokarnaya-obrabotka.html
Штамповка листового металла,https://lmzstart.ru/uslugi/shtampovka-listovogo-metalla.html
Вакуумная пропитка,https://lmzstart.ru/uslugi/vakuumnaya-propitka.html
Гидроабразивная резка,https://lmzstart.ru/uslugi/gidroabrazivnaya-rezka.html
Дробеструйная установка,https://lmzstart.ru/uslugi/drobestrujnaya-ustanovka.html
Электроэрозионная проволочно-вырезная обработка,https://lmzstart.ru/uslugi/elektroerozionnaya-provolochno-vyireznaya-obrabotka.html
